03-23,Saturday,09:16,200
03-23,Saturday,09:17,200
03-23,Saturday,09:20,200
03-23,Saturday,09:21,200
03-23,Saturday,09:22,200
03-23,Saturday,09:23,200
03-23,Saturday,09:24,200
03-23,Saturday,09:25,200
03-23,Saturday,09:26,200
03-23,Saturday,09:27,200
03-23,Saturday,09:28,200
03-23,Saturday,09:29,200
03-23,Saturday,09:30,200
03-23,Saturday,09:31,200
03-23,Saturday,09:32,200
03-23,Saturday,09:33,200
03-23,Saturday,09:34,200
03-23,Saturday,09:35,200
03-23,Saturday,09:36,200
03-23,Saturday,09:37,200
03-23,Saturday,09:38,200
03-23,Saturday,09:39,200
03-23,Saturday,09:40,200
03-23,Saturday,09:41,200
03-23,Saturday,09:42,200
03-23,Saturday,09:43,200
03-23,Saturday,09:44,200
03-23,Saturday,09:45,200
03-23,Saturday,09:46,200
03-23,Saturday,09:47,200
03-23,Saturday,09:48,200
03-23,Saturday,09:49,200
03-23,Saturday,09:50,200
03-23,Saturday,09:51,200
03-23,Saturday,09:52,200
03-23,Saturday,09:53,200
03-23,Saturday,09:55,200
03-23,Saturday,09:56,200
03-23,Saturday,09:57,200
03-23,Saturday,09:58,200
03-23,Saturday,09:59,200
03-23,Saturday,10:00,200
03-23,Saturday,10:01,200
03-23,Saturday,10:02,200
03-23,Saturday,10:03,200
03-23,Saturday,10:04,200
03-23,Saturday,10:05,200
03-23,Saturday,10:06,200
03-23,Saturday,10:07,200
03-23,Saturday,10:08,200
03-23,Saturday,10:09,200
03-23,Saturday,10:10,200
03-23,Saturday,10:11,200
03-23,Saturday,10:12,200
03-23,Saturday,10:13,200
03-23,Saturday,10:14,200
03-23,Saturday,10:15,200
03-23,Saturday,10:16,200
03-23,Saturday,10:17,200
03-23,Saturday,10:18,200
03-23,Saturday,10:19,200
03-23,Saturday,10:20,200
03-23,Saturday,10:21,200
03-23,Saturday,10:22,200
03-23,Saturday,10:23,200
03-23,Saturday,10:24,200
03-23,Saturday,10:25,200
03-23,Saturday,10:26,200
03-23,Saturday,10:27,200
03-23,Saturday,10:28,200
03-23,Saturday,10:29,200
03-23,Saturday,10:30,200
03-23,Saturday,10:31,200
03-23,Saturday,10:32,200
03-23,Saturday,10:33,200
03-23,Saturday,10:34,200
03-23,Saturday,10:35,200
03-23,Saturday,10:36,200
03-23,Saturday,10:38,200
03-23,Saturday,10:39,200
03-23,Saturday,10:40,200
03-23,Saturday,10:41,200
03-23,Saturday,10:42,200
03-23,Saturday,10:43,200
03-23,Saturday,10:44,200
03-23,Saturday,10:45,200
03-23,Saturday,10:46,200
03-23,Saturday,10:47,200
03-23,Saturday,10:48,200
03-23,Saturday,10:49,200
03-23,Saturday,10:50,200
03-23,Saturday,10:51,200
03-23,Saturday,10:52,200
03-23,Saturday,10:53,200
03-23,Saturday,10:54,200
03-23,Saturday,10:55,200
03-23,Saturday,10:56,200
03-23,Saturday,10:57,200
03-23,Saturday,10:58,200
03-23,Saturday,10:59,200
03-23,Saturday,11:00,200
03-23,Saturday,11:01,200
03-23,Saturday,11:02,200
03-23,Saturday,11:03,200
03-23,Saturday,11:04,200
03-23,Saturday,11:05,200
03-23,Saturday,11:06,200
03-23,Saturday,11:07,200
03-23,Saturday,11:08,200
03-23,Saturday,11:09,200
03-23,Saturday,11:10,200
03-23,Saturday,11:11,200
03-23,Saturday,11:12,200
03-23,Saturday,11:13,200
03-23,Saturday,11:15,200
03-23,Saturday,11:16,200
03-23,Saturday,11:17,200
03-23,Saturday,11:18,200
03-23,Saturday,11:19,200
03-23,Saturday,11:20,200
03-23,Saturday,11:21,200
03-23,Saturday,11:22,200
03-23,Saturday,11:23,200
03-23,Saturday,11:24,200
03-23,Saturday,11:25,200
03-23,Saturday,11:26,200
03-23,Saturday,11:27,200
03-23,Saturday,11:28,200
03-23,Saturday,11:29,200
03-23,Saturday,11:30,200
03-23,Saturday,11:31,200
03-23,Saturday,11:32,200
03-23,Saturday,11:33,200
03-23,Saturday,11:34,200
03-23,Saturday,11:35,200
03-23,Saturday,11:36,200
03-23,Saturday,11:37,200
03-23,Saturday,11:38,200
03-23,Saturday,11:39,200
03-23,Saturday,11:40,200
03-23,Saturday,11:41,200
03-23,Saturday,11:42,200
03-23,Saturday,11:43,200
03-23,Saturday,11:44,200
03-23,Saturday,11:45,200
03-23,Saturday,11:46,200
03-23,Saturday,11:47,200
03-23,Saturday,11:48,200
03-23,Saturday,11:49,200
03-23,Saturday,11:50,200
03-23,Saturday,11:52,200
03-23,Saturday,11:53,200
03-23,Saturday,11:54,200
03-23,Saturday,11:55,200
03-23,Saturday,11:56,200
03-23,Saturday,11:57,200
03-23,Saturday,11:58,200
03-23,Saturday,11:59,200
03-23,Saturday,12:00,200
03-23,Saturday,12:01,200
03-23,Saturday,12:02,200
03-23,Saturday,12:03,200
03-23,Saturday,12:04,200
03-23,Saturday,12:05,200
03-23,Saturday,12:06,200
03-23,Saturday,12:07,200
03-23,Saturday,12:08,200
03-23,Saturday,12:09,200
03-23,Saturday,12:10,200
03-23,Saturday,12:11,200
03-23,Saturday,12:12,200
03-23,Saturday,12:13,200
03-23,Saturday,12:14,200
03-23,Saturday,12:16,200
03-23,Saturday,12:17,200
03-23,Saturday,12:18,200
03-23,Saturday,12:19,200
03-23,Saturday,12:20,200
03-23,Saturday,12:21,200
03-23,Saturday,12:22,200
03-23,Saturday,12:23,200
03-23,Saturday,12:24,200
03-23,Saturday,12:25,200
03-23,Saturday,12:26,200
03-23,Saturday,12:27,200
03-23,Saturday,12:28,200
03-23,Saturday,12:29,200
03-23,Saturday,12:30,200
03-23,Saturday,12:31,200
03-23,Saturday,12:32,200
03-23,Saturday,12:33,200
03-23,Saturday,12:34,200
03-23,Saturday,12:35,200
03-23,Saturday,12:36,200
03-23,Saturday,12:37,200
03-23,Saturday,12:38,200
03-23,Saturday,12:39,200
03-23,Saturday,12:40,200
03-23,Saturday,12:41,200
03-23,Saturday,12:42,200
03-23,Saturday,12:43,200
03-23,Saturday,12:45,200
03-23,Saturday,12:46,200
03-23,Saturday,12:47,200
03-23,Saturday,12:48,200
03-23,Saturday,12:49,200
03-23,Saturday,12:50,200
03-23,Saturday,12:51,200
03-23,Saturday,12:52,200
03-23,Saturday,12:53,200
03-23,Saturday,12:54,200
03-23,Saturday,12:56,200
03-23,Saturday,12:57,200
03-23,Saturday,12:58,200
03-23,Saturday,12:59,200
03-23,Saturday,13:00,200
03-23,Saturday,13:01,200
03-23,Saturday,13:02,200
03-23,Saturday,13:03,200
03-23,Saturday,13:04,200
03-23,Saturday,13:05,200
03-23,Saturday,13:06,200
03-23,Saturday,13:07,200
03-23,Saturday,13:08,200
03-23,Saturday,13:09,200
03-23,Saturday,13:10,200
03-23,Saturday,13:11,200
03-23,Saturday,13:12,200
03-23,Saturday,13:13,200
03-23,Saturday,13:14,200
03-23,Saturday,13:15,200
03-23,Saturday,13:16,200
03-23,Saturday,13:17,200
03-23,Saturday,13:18,200
03-23,Saturday,13:19,200
03-23,Saturday,13:20,200
03-23,Saturday,13:21,200
03-23,Saturday,13:22,200
03-23,Saturday,13:24,200
03-23,Saturday,13:25,200
03-23,Saturday,13:26,200
03-23,Saturday,13:27,200
03-23,Saturday,13:28,200
03-23,Saturday,13:29,200
03-23,Saturday,13:30,200
03-23,Saturday,13:31,200
03-23,Saturday,13:32,200
03-23,Saturday,13:33,200
03-23,Saturday,13:34,200
03-23,Saturday,13:35,200
03-23,Saturday,13:36,200
03-23,Saturday,13:37,200
03-23,Saturday,13:38,200
03-23,Saturday,13:39,200
03-23,Saturday,13:40,200
03-23,Saturday,13:41,200
03-23,Saturday,13:42,200
03-23,Saturday,13:43,200
03-23,Saturday,13:44,200
03-23,Saturday,13:45,200
03-23,Saturday,13:46,200
03-23,Saturday,13:47,200
03-23,Saturday,13:48,200
03-23,Saturday,13:49,200
03-23,Saturday,13:50,200
03-23,Saturday,13:51,200
03-23,Saturday,13:52,200
03-23,Saturday,13:53,200
03-23,Saturday,13:54,200
03-23,Saturday,13:55,200
03-23,Saturday,13:56,200
03-23,Saturday,13:57,200
03-23,Saturday,13:58,200
03-23,Saturday,13:59,200
03-23,Saturday,14:00,200
03-23,Saturday,14:02,200
03-23,Saturday,14:03,200
03-23,Saturday,14:04,200
03-23,Saturday,14:05,200
03-23,Saturday,14:06,200
03-23,Saturday,14:07,200
03-23,Saturday,14:08,200
03-23,Saturday,14:09,200
03-23,Saturday,14:10,200
03-23,Saturday,14:11,200
03-23,Saturday,14:12,200
03-23,Saturday,14:13,200
03-23,Saturday,14:14,200
03-23,Saturday,14:15,200
03-23,Saturday,14:16,200
03-23,Saturday,14:17,200
03-23,Saturday,14:18,200
03-23,Saturday,14:19,200
03-23,Saturday,14:20,200
03-23,Saturday,14:21,200
03-23,Saturday,14:22,200
03-23,Saturday,14:23,200
03-23,Saturday,14:24,200
03-23,Saturday,14:25,200
03-23,Saturday,14:26,200
03-23,Saturday,14:27,200
03-23,Saturday,14:28,200
03-23,Saturday,14:29,200
03-23,Saturday,14:30,200
03-23,Saturday,14:31,200
03-23,Saturday,14:32,200
03-23,Saturday,14:33,200
03-23,Saturday,14:34,200
03-23,Saturday,14:35,200
03-23,Saturday,14:36,200
03-23,Saturday,14:37,200
03-23,Saturday,14:39,200
03-23,Saturday,14:55,200
03-23,Saturday,14:58,200
03-23,Saturday,15:01,200
03-23,Saturday,15:04,200
03-23,Saturday,15:07,200
03-23,Saturday,15:10,200
03-23,Saturday,15:13,200
03-23,Saturday,15:16,200
03-23,Saturday,15:19,200
03-23,Saturday,15:22,200
03-23,Saturday,15:25,200
03-23,Saturday,15:28,200
03-23,Saturday,15:31,200
03-23,Saturday,15:34,200
03-23,Saturday,15:37,200
03-23,Saturday,15:40,200
03-23,Saturday,15:43,200
03-23,Saturday,15:46,200
03-23,Saturday,15:49,200
03-23,Saturday,15:52,200
03-23,Saturday,15:55,200
03-23,Saturday,15:59,200
03-23,Saturday,16:02,200
03-23,Saturday,16:05,200
03-23,Saturday,16:08,200
03-23,Saturday,16:11,200
03-23,Saturday,16:14,200
03-23,Saturday,16:17,200
03-23,Saturday,16:20,200
03-23,Saturday,16:23,200
03-23,Saturday,16:26,200
03-23,Saturday,16:29,200
03-23,Saturday,16:32,200
03-23,Saturday,16:35,200
03-23,Saturday,16:38,200
03-23,Saturday,16:41,200
03-23,Saturday,16:44,200
03-23,Saturday,16:47,200
03-23,Saturday,16:50,200
03-23,Saturday,16:53,200
03-23,Saturday,16:56,200
03-23,Saturday,16:59,200
03-23,Saturday,17:02,180
03-23,Saturday,17:05,180
03-23,Saturday,17:08,180
03-23,Saturday,17:11,180
03-23,Saturday,17:14,180
03-23,Saturday,17:17,180
03-23,Saturday,17:20,180
03-23,Saturday,17:23,180
03-23,Saturday,17:26,180
03-23,Saturday,17:29,180
03-23,Saturday,17:33,180
03-23,Saturday,17:36,180
03-23,Saturday,17:39,180
03-23,Saturday,17:42,180
03-23,Saturday,17:45,180
03-23,Saturday,17:48,180
03-23,Saturday,17:51,180
03-23,Saturday,17:54,180
03-23,Saturday,17:57,180
03-23,Saturday,18:00,180
03-23,Saturday,18:03,180
03-23,Saturday,18:06,180
03-23,Saturday,18:09,180
03-23,Saturday,18:12,180
03-23,Saturday,18:15,180
03-23,Saturday,18:18,180
03-23,Saturday,18:21,180
03-23,Saturday,18:24,180
03-23,Saturday,18:27,180
03-23,Saturday,18:30,180
03-23,Saturday,18:33,180
03-23,Saturday,18:36,180
